time,currency,impact,title,forecast,previous
2026-09-20T23:00:00+00:00,JPY,holiday,Bank Holiday,,
2026-09-20T23:01:00+00:00,GBP,low,Rightmove HPI m/m,,-2.0%
2026-09-21T03:00:00+00:00,NZD,low,Credit Card Spending y/y,,5.3%
2026-09-21T10:00:00+00:00,EUR,low,German Buba Monthly Report,,
2026-09-21T10:30:00+00:00,USD,low,FOMC Member Goolsbee Speaks,,
2026-09-21T15:00:00+00:00,EUR,medium,ECB President Lagarde Speaks,,
2026-09-21T15:05:00+00:00,CAD,medium,BOC Gov Macklem Speaks,,
2026-09-21T19:00:00+00:00,AUD,low,RBA Assist Gov Hunter Speaks,,
2026-09-21T23:00:00+00:00,JPY,holiday,Bank Holiday,,
2026-09-22T03:10:00+00:00,AUD,high,RBA Gov Bullock Speaks,,
2026-09-22T06:00:00+00:00,GBP,low,Public Sector Net Borrowing,15.2B,1.8B
2026-09-22T08:30:00+00:00,EUR,low,German Buba President Nagel Speaks,,
2026-09-22T10:00:00+00:00,GBP,low,CBI Industrial Order Expectations,-33,-25
2026-09-22T11:00:00+00:00,EUR,medium,ECB President Lagarde Speaks,,
2026-09-22T12:15:00+00:00,USD,low,ADP Weekly Employment Change,,16.3K
2026-09-22T13:55:00+00:00,USD,medium,President Trump Speaks,,
2026-09-22T14:00:00+00:00,EUR,low,Consumer Confidence,-16,-16
2026-09-22T14:00:00+00:00,USD,low,Richmond Manufacturing Index,2,4
2026-09-22T14:05:00+00:00,USD,low,FOMC Member Williams Speaks,,
2026-09-22T14:20:00+00:00,USD,low,FOMC Member Jefferson Speaks,,
2026-09-22T17:00:00+00:00,USD,low,FOMC Member Barkin Speaks,,
2026-09-22T19:30:00+00:00,EUR,low,German Buba President Nagel Speaks,,
2026-09-22T20:30:00+00:00,USD,low,API Weekly Statistical Bulletin,,
2026-09-22T23:00:00+00:00,AUD,low,Flash Manufacturing PMI,,52.0
2026-09-22T23:00:00+00:00,AUD,low,Flash Services PMI,,52.9
2026-09-22T23:00:00+00:00,JPY,holiday,Bank Holiday,,
2026-09-23T07:15:00+00:00,EUR,medium,French Flash Manufacturing PMI,50.9,51.5
2026-09-23T07:15:00+00:00,EUR,medium,French Flash Services PMI,48.3,48.4
2026-09-23T07:30:00+00:00,EUR,medium,German Flash Manufacturing PMI,54.1,54.1
2026-09-23T07:30:00+00:00,EUR,medium,German Flash Services PMI,49.9,48.5
2026-09-23T08:00:00+00:00,EUR,low,Flash Manufacturing PMI,52.6,52.8
2026-09-23T08:00:00+00:00,EUR,low,Flash Services PMI,51.4,51.7
2026-09-23T08:30:00+00:00,GBP,medium,Flash Manufacturing PMI,51.5,51.5
2026-09-23T08:30:00+00:00,GBP,medium,Flash Services PMI,52.0,52.8
2026-09-23T09:35:00+00:00,EUR,low,German 30-y Bond Auction,,3.90|2.4
2026-09-23T13:45:00+00:00,USD,low,Flash Manufacturing PMI,53.6,53.2
2026-09-23T13:45:00+00:00,USD,low,Flash Services PMI,55.8,56.8
2026-09-23T14:05:00+00:00,USD,low,FOMC Member Barr Speaks,,
2026-09-23T14:30:00+00:00,USD,low,Crude Oil Inventories,-0.7M,-0.6M
2026-09-23T16:00:00+00:00,USD,low,FOMC Member Goolsbee Speaks,,
2026-09-24T00:30:00+00:00,JPY,low,Flash Manufacturing PMI,55.0,55.1
2026-09-24T01:30:00+00:00,AUD,high,Employment Change,21.5K,-15.8K
2026-09-24T01:30:00+00:00,AUD,high,Unemployment Rate,4.5%,4.5%
2026-09-24T01:30:00+00:00,AUD,low,NAB Quarterly Business Confidence,,-19
2026-09-24T07:30:00+00:00,CHF,high,SNB Monetary Policy Assessment,,
2026-09-24T07:30:00+00:00,CHF,high,SNB Policy Rate,0.00%,0.00%
2026-09-24T08:00:00+00:00,CHF,high,SNB Press Conference,,
2026-09-24T08:00:00+00:00,EUR,low,ECB Economic Bulletin,,
2026-09-24T08:00:00+00:00,EUR,low,German ifo Business Climate,89.1,88.8
2026-09-24T08:10:00+00:00,USD,low,FOMC Member Williams Speaks,,
2026-09-24T09:30:00+00:00,GBP,low,MPC Member Dhingra Speaks,,
2026-09-24T10:00:00+00:00,GBP,low,CBI Realized Sales,-42,-48
2026-09-24T12:30:00+00:00,CAD,medium,Core Retail Sales m/m,-0.5%,0.5%
2026-09-24T12:30:00+00:00,CAD,medium,Retail Sales m/m,-0.8%,0.6%
2026-09-24T12:30:00+00:00,USD,medium,Unemployment Claims,201K,196K
2026-09-24T12:30:00+00:00,USD,low,Current Account,-258B,-227B
2026-09-24T12:30:00+00:00,USD,low,FOMC Member Barkin Speaks,,
2026-09-24T12:50:00+00:00,USD,low,FOMC Member Hammack Speaks,,
2026-09-24T13:00:00+00:00,CNY,low,CB Leading Index m/m,,-0.3%
2026-09-24T13:00:00+00:00,EUR,low,Belgian NBB Business Climate,-13.5,-13.2
2026-09-24T13:30:00+00:00,GBP,low,MPC Member Breeden Speaks,,
2026-09-24T14:00:00+00:00,GBP,low,MPC Member Lombardelli Speaks,,
2026-09-24T14:00:00+00:00,USD,low,New Home Sales,615K,607K
2026-09-24T14:10:00+00:00,USD,low,FOMC Member Paulson Speaks,,
2026-09-24T14:15:00+00:00,USD,medium,President Trump Speaks,,
2026-09-24T14:30:00+00:00,USD,low,Natural Gas Storage,50B,44B
2026-09-24T23:01:00+00:00,GBP,low,GfK Consumer Confidence,-16,-14
2026-09-24T23:01:00+00:00,CNY,holiday,Bank Holiday,,
2026-09-24T23:55:00+00:00,USD,medium,President Trump Speaks,,
2026-09-25T05:00:00+00:00,JPY,low,BOJ Core CPI y/y,1.5%,1.6%
2026-09-25T06:00:00+00:00,EUR,low,German GfK Consumer Climate,-27.1,-26.6
2026-09-25T08:00:00+00:00,EUR,low,M3 Money Supply y/y,3.5%,3.4%
2026-09-25T08:00:00+00:00,EUR,low,Private Loans y/y,3.2%,3.1%
2026-09-25T09:15:00+00:00,GBP,high,BOE Gov Bailey Speaks,,
2026-09-25T09:15:00+00:00,USD,low,FOMC Member Williams Speaks,,
2026-09-25T12:30:00+00:00,USD,low,Core Durable Goods Orders m/m,0.6%,0.4%
2026-09-25T12:30:00+00:00,USD,low,Durable Goods Orders m/m,-0.3%,1.1%
2026-09-25T13:20:00+00:00,USD,low,FOMC Member Schmid Speaks,,
2026-09-25T14:00:00+00:00,USD,medium,Revised UoM Consumer Sentiment,47.4,47.8
2026-09-25T14:00:00+00:00,USD,medium,Revised UoM Inflation Expectations,,4.6%
2026-09-25T18:00:00+00:00,USD,low,FOMC Member Hammack Speaks,,
2026-09-26T14:00:00+00:00,NZD,holiday,Daylight Saving Time Shift,,
